Contrast 0,Contrast 45,Contrast 90,Contrast 135,Dissimilarity 0,Dissimilarity 45,Dissimilarity 90,Dissimilarity 135,Homogeneity 0,Homogeneity 45,Homogeneity 90,Homogeneity 135,Energy 0,Energy 45,Energy 90,Energy 135,Correlation 0,Correlation 45,Correlation 90,Correlation 135
17.63816269,32.82333374,18.21724526,33.27088928,2.64895428,3.498687744,2.647783925,3.561172485,0.3822472335,0.3147528165,0.3803123504,0.3149530123,0.06152456576,0.05451936719,0.06071560439,0.05472314154,0.9959436329,0.9924715099,0.995812662,0.9923688844
20.20224343,37.98880005,20.61616914,37.63391113,2.730757539,3.648651123,2.663834509,3.593811035,0.3845258963,0.3132814895,0.378411608,0.3155747043,0.059090742,0.05252944679,0.05862898884,0.05273089464,0.9948909383,0.9904186146,0.9947886103,0.9905082141
19.38190054,33.87345886,18.55103964,36.09008789,2.609375,3.500839233,2.687104815,3.601867676,0.3887934854,0.3146820062,0.3772435117,0.3163946076,0.06319810666,0.05589250694,0.0617029971,0.05621885838,0.9955277669,0.9921987132,0.9957166787,0.9916881979
16.96285263,31.6603241,17.536585,31.53791809,2.511247568,3.373214722,2.55260518,3.356246948,0.405805072,0.3331470948,0.3913707493,0.3310220626,0.07119330114,0.06289456941,0.06906829862,0.06269970946,0.9963741982,0.9932521971,0.9962522648,0.9932782804
25.6093598,44.50778198,24.54354633,48.12490845,3.02290552,3.978820801,2.963050219,4.039215088,0.3591417669,0.2894013872,0.3539618653,0.2929802897,0.04313122631,0.0379796486,0.04246977903,0.03794613574,0.9959358481,0.9929345725,0.9961052127,0.9923603947
23.60384241,44.23303223,22.04150961,39.9616394,2.978568823,4.05758667,2.94426374,3.881896973,0.3621039935,0.2916685373,0.3487247838,0.2912902816,0.04088398188,0.0359528027,0.04006901576,0.03602504931,0.9950807969,0.9907962763,0.9954036992,0.9916851612
18.57216683,37.43833923,21.11905703,34.56932068,2.753678259,3.902084351,2.931344236,3.68977356,0.3642818177,0.2906628405,0.3529669081,0.297205709,0.05030699827,0.04387092122,0.04870969384,0.04435841782,0.9960243831,0.9920002376,0.9954742165,0.9926132308
20.75867887,38.72087097,20.48625973,37.34277344,2.757614908,3.677719116,2.685007296,3.616027832,0.3735810798,0.3028696327,0.371891635,0.3106016098,0.04831723046,0.04268108467,0.04801376056,0.04294941342,0.9962843736,0.9930650605,0.9963251468,0.9933119341
18.718674,32.23023987,17.48809886,33.44818115,2.631398954,3.406356812,2.567531007,3.499755859,0.3943852699,0.3255841095,0.3854385075,0.32045127,0.06979618407,0.06207006443,0.06866229801,0.06215440393,0.9965268712,0.9940365799,0.9967559559,0.9938112225
20.28456347,35.65602112,19.07537391,37.23200989,2.71379499,3.611068726,2.682924976,3.692062378,0.3830464807,0.3108525937,0.374776628,0.311421229,0.0584674706,0.05172443776,0.05732036751,0.05161041626,0.9955074226,0.9921197562,0.9957757829,0.9917714935
21.74057636,44.54763794,23.61168531,39.23214722,2.807879377,3.969604492,2.970269942,3.750244141,0.3736915293,0.2986288119,0.359835748,0.3033881773,0.04867473131,0.04263058125,0.04745537712,0.04278870135,0.9958417968,0.9914776512,0.995472744,0.9924945663
15.05778818,28.47354126,15.8698018,27.9140625,2.294473492,3.148071289,2.397707928,3.092651367,0.4252499055,0.3460003253,0.4083127028,0.3490097977,0.07648305828,0.06734351208,0.07454293844,0.06765595651,0.9964622892,0.9933297331,0.9962723152,0.9934607928
19.5026599,34.45446777,19.60467838,37.11883545,2.772814324,3.730529785,2.850848127,3.831085205,0.3756783947,0.3028078276,0.3582859075,0.2972677906,0.04809173273,0.04227876598,0.04680825173,0.04196370345,0.9962527226,0.9933907372,0.9962342137,0.9928796902
19.54850134,35.41416931,19.28173638,36.63935852,2.706636065,3.58354187,2.702365029,3.652481079,0.3819737491,0.3140662231,0.3745632189,0.3079851337,0.05582936388,0.0496572493,0.05496695395,0.04930425367,0.9942893033,0.9896819158,0.9943685193,0.989324941
21.91540005,37.1566925,22.0313564,42.40432739,3.007204523,4.012832642,3.081180083,4.084716797,0.348292224,0.2808470938,0.3361174311,0.2786664567,0.04361148404,0.03836279888,0.04270678169,0.03827776802,0.9961831969,0.9935390665,0.9961649279,0.9926266164
17.53619071,37.15635851,19.04451547,29.93562438,2.591125247,3.599407862,2.660598481,3.448490203,0.3844324108,0.3114576885,0.3753543493,0.3122593236,0.05897363559,0.05180641308,0.05767189565,0.05198922395,0.9953868658,0.9902460476,0.9949877926,0.9921415879
21.89097459,42.72958374,23.14784472,39.88423157,2.978705618,4.140930176,3.058320161,3.953414917,0.3519076184,0.2797886738,0.3389409652,0.2838011097,0.04536419925,0.03957944732,0.04439017581,0.03989137913,0.9944336135,0.9891555165,0.9941126767,0.9898777217
18.53973127,33.45579529,19.05176921,35.85958862,2.523589494,3.414871216,2.589250973,3.449859619,0.3985870044,0.3188748344,0.3855436953,0.3216379863,0.05441852108,0.0475888326,0.05302747227,0.04743093889,0.9958882157,0.9926031948,0.9957777729,0.9920716984
18.0728964,34.02946472,19.0937956,34.53494263,2.578824173,3.542312622,2.620850559,3.482513428,0.3923521792,0.317602508,0.3802319807,0.3181418701,0.05611090738,0.04915256952,0.05472807727,0.04937345326,0.9956854592,0.9919005188,0.9954461588,0.9917801767
18.09566513,34.52764893,18.81227201,33.55944824,2.555356274,3.486450195,2.646963157,3.503173828,0.3871260251,0.3107280995,0.3754777444,0.3121266282,0.05134628531,0.04474225883,0.05018166893,0.04469692881,0.9949781358,0.9904453294,0.994782173,0.9907131837
20.5728052,35.02389526,17.70985834,35.32255554,2.740758755,3.529083252,2.587047057,3.592849731,0.3840098094,0.3179595158,0.3847673995,0.3171479479,0.0654545769,0.05833219125,0.06397928959,0.05864970496,0.9957608995,0.9928041183,0.9963521328,0.9927427671
16.74126034,30.63563538,15.97753526,28.82862854,2.58151447,3.504470825,2.576605058,3.371627808,0.3907373922,0.3136535645,0.3761366385,0.3193086862,0.0579068141,0.05034903878,0.05604879424,0.0506495593,0.9958308501,0.9923863704,0.9960183154,0.992835481
14.61998419,26.99577332,16.2943215,28.96533203,2.421814202,3.265945435,2.49583536,3.30847168,0.4015901681,0.3264400982,0.3912216251,0.3287677515,0.07003194541,0.06158738276,0.0682119223,0.06157250094,0.9963385985,0.9932565474,0.9959198093,0.9927645511
17.34710907,30.10452271,19.63337488,37.14334106,2.62291768,3.508361816,2.8177134,3.747741699,0.3852455517,0.3075362269,0.3658166487,0.307255349,0.05679814452,0.04997251321,0.05518561252,0.04999229914,0.9970274186,0.9948546473,0.9966355758,0.9936516213
17.62446802,30.83610535,17.14007782,32.79649353,2.63437804,3.493942261,2.59609071,3.492385864,0.3812655087,0.3095655842,0.3769756569,0.3167114405,0.05994173938,0.05275980239,0.0584600901,0.05311059857,0.9959044596,0.9928505892,0.9960147634,0.9923960732
14.64366488,29.88917542,18.17374453,30.5388031,2.381322957,3.304641724,2.562515199,3.309005737,0.4016367031,0.3254477778,0.3859364273,0.3265625908,0.06872783469,0.06087953182,0.06729705035,0.06089036648,0.9961834405,0.9922318256,0.9952633831,0.9920630059
22.8021796,40.22465515,22.43284898,42.65235901,2.870637768,3.805343628,2.875425584,3.875686646,0.366183785,0.3007538479,0.3598637428,0.2988621549,0.06431322896,0.05728743232,0.06289570824,0.05731066803,0.995543005,0.992152277,0.9956147066,0.9916785992
14.19809399,24.10482788,13.88902906,25.33003235,2.411098614,3.081420898,2.386840345,3.156112671,0.3876461671,0.3328834999,0.3863108581,0.3274324712,0.04801634191,0.04374193975,0.047817917,0.04331152242,0.9928230627,0.9878455521,0.9929803286,0.9872277196
18.72045233,37.79928589,20.35268726,33.12786865,2.575966683,3.531280518,2.676678016,3.382476807,0.3815505245,0.3250687858,0.3831704078,0.3256361265,0.05078818048,0.04708167054,0.05091933782,0.04716682122,0.9935234904,0.986912321,0.9929356327,0.9885297461
10.73533256,17.49009705,10.22236746,18.13871765,2.165688838,2.824508667,2.193062986,2.791732788,0.4039487841,0.3371813393,0.392435422,0.3438286921,0.05560416422,0.0504630659,0.05495673357,0.05089128018,0.9943431134,0.9908028682,0.9946118699,0.9904617394
12.0227356,21.3082261,11.12726024,19.04114583,2.134735107,2.852098652,2.190112154,2.758455882,0.415710886,0.3492847929,0.4043856411,0.3526535196,0.05212216854,0.04640701643,0.05079986787,0.04681841709,0.9936502524,0.9887723287,0.9941270866,0.9899668245
18.30151082,33.47758484,19.9088947,36.08683777,2.723051435,3.667739868,2.8203125,3.71131897,0.3773909415,0.3053521243,0.3625954355,0.3062719943,0.05670482619,0.05008267212,0.05534897357,0.05016197464,0.9956503794,0.9920641033,0.9952701584,0.9914454906
18.13849708,37.20527649,21.38495562,35.13545227,2.868251459,3.977981567,2.992202699,3.914016724,0.347078195,0.2817063445,0.3419990134,0.2811668512,0.04558479176,0.03992822617,0.04460956453,0.04007491391,0.9956839109,0.9911610875,0.9949100317,0.9916528467
17.74407223,32.86035156,17.44777481,30.85969543,2.697957198,3.63671875,2.686557636,3.510818481,0.3743170553,0.3043497935,0.3676301129,0.3081794924,0.05108618574,0.04494152728,0.0505139951,0.04493795501,0.995636063,0.9919309889,0.9957112932,0.9924222058
13.11829706,23.64329529,12.63843628,21.326828,2.246124149,2.965835571,2.287876946,2.854904175,0.4017641912,0.341920704,0.3923359486,0.3436575719,0.05293835286,0.0481480674,0.05219931573,0.048113286,0.9943087375,0.9897685918,0.9945371905,0.9907711153
16.97026994,33.00578308,18.4531098,30.72070313,2.841622082,3.890487671,2.884408439,3.761383057,0.3457571084,0.2780844496,0.3389563807,0.2795402689,0.0437628164,0.03842571652,0.04287408217,0.03878269567,0.9966581052,0.9934947039,0.9963592437,0.99394494
17.46329341,28.9747467,17.34344601,33.92236328,2.741777116,3.580368042,2.760517996,3.750610352,0.3632377803,0.292205491,0.3522485949,0.2908964719,0.04520214553,0.03979210902,0.04407547445,0.0395959402,0.9959290103,0.9932618606,0.9959651394,0.9921111975
16.36493799,26.26753235,13.43649684,27.05148315,2.34192607,3.047134399,2.301070039,3.008178711,0.4027713752,0.3420397317,0.3972222201,0.3446332647,0.05742250582,0.05256022622,0.05700616022,0.05275108594,0.9948044092,0.9916774818,0.9957377945,0.9914291398
11.81739421,20.71713257,10.56493191,17.84924316,2.231547909,2.918243408,2.229541586,2.815856934,0.4007437427,0.3389043166,0.3928436438,0.340979898,0.0478413394,0.04354059698,0.0472791851,0.04349756226,0.9925686069,0.9869897862,0.9933526967,0.9887905839
10.70929596,19.07775879,11.69034229,19.85087585,2.099586576,2.809356689,2.210922301,2.768234253,0.416167987,0.3497806416,0.4044399594,0.357214185,0.06296971074,0.0573771384,0.06231783407,0.05787178239,0.9948796542,0.9909030508,0.9944133795,0.990534459
15.80011248,27.68515015,12.49773529,22.3110199,2.377325511,3.045379639,2.249863205,2.924789429,0.4001025561,0.3477197976,0.40539054,0.3466882539,0.05557757983,0.0511741614,0.05596679069,0.05138831003,0.9925763102,0.9870270616,0.9941290592,0.9895453278
27.85092412,47.30474854,25.84686588,50.77307129,3.348765807,4.443847656,3.316071863,4.449829102,0.3309807822,0.2686982717,0.3229831405,0.2669493611,0.04917949608,0.04354585988,0.04844156286,0.04374443875,0.9938681679,0.9896009638,0.9943090777,0.9888385102
11.06494711,20.47259521,12.18967352,20.52204895,2.20885518,3.041320801,2.318503769,2.981307983,0.401921324,0.3190888621,0.3839682653,0.3266370775,0.04597291182,0.03999332834,0.04465227275,0.04011774618,0.9975478075,0.9954720395,0.9972971972,0.9954611175
10.48369103,19.59562683,11.63469723,18.49545288,2.141704159,2.854934692,2.241305934,2.774108887,0.4028633918,0.3379246817,0.3941320332,0.3450204989,0.05009075176,0.04526324118,0.0494878373,0.04567451718,0.9944790344,0.989699715,0.9938696698,0.9902779782
19.97756566,38.77493286,20.58093689,35.51097107,2.684612111,3.671478271,2.818290978,3.651992798,0.3842861002,0.3093544238,0.3658324078,0.3105554598,0.05599097567,0.0490013495,0.05427868314,0.04897802827,0.9957811757,0.991829755,0.9956567734,0.9925173828
21.2708992,39.57978821,21.92365333,39.75715637,2.619604207,3.529830933,2.630790978,3.496444702,0.3980470979,0.3265637651,0.3884245419,0.3248804059,0.07662271359,0.06755664076,0.07485801276,0.06780013313,0.994391319,0.9895857099,0.9942193565,0.9895390953
18.82069249,33.13143921,18.15196376,35.27400208,2.57370197,3.485534668,2.627401508,3.586837769,0.395713619,0.320321943,0.3857610356,0.3201763358,0.06056754579,0.05312578656,0.05895994072,0.05321825407,0.9951419656,0.9914684152,0.9953116572,0.9909166173
22.87443762,42.96179199,22.86253648,41.21681213,2.833186406,3.890380859,2.899683852,3.762496948,0.3719144664,0.2994927664,0.3588610616,0.3022298531,0.0680183884,0.06032853984,0.06634169938,0.06051620641,0.9939910488,0.988737931,0.9939948996,0.9891954024
18.23657892,32.84591675,17.36132053,31.96118164,2.700647495,3.593963623,2.626428745,3.521179199,0.3877831344,0.31403976,0.3808334841,0.3205774003,0.06301149258,0.05536657867,0.06152427475,0.05552088368,0.9965479021,0.993796854,0.9967120802,0.9939639728
13.40131019,23.27655029,13.28158439,24.23701477,2.310448079,2.957580566,2.3151143,3.087387085,0.3948928142,0.3374996945,0.3954285388,0.3325420896,0.04621352607,0.04150951993,0.04622635053,0.04135824336,0.9943379435,0.9901637479,0.9943811645,0.9897571937
15.50942364,27.78930664,15.62436162,27.98945618,2.383177286,3.105163574,2.387220331,3.147171021,0.3996362613,0.3412555125,0.3992541985,0.3420023086,0.05648554046,0.05208058859,0.05686113842,0.05201418603,0.9941615626,0.9895499601,0.9941070812,0.9894746913
18.77029122,36.47602844,19.99875365,35.49765015,2.706757661,3.716903687,2.832502432,3.733642578,0.3753042026,0.3005265089,0.3585472197,0.301632424,0.05285895713,0.04660817288,0.05116987974,0.04649956805,0.9956887943,0.9916433622,0.9954179151,0.9918674981
20.97267145,39.46047974,20.88743312,37.61564636,2.631596547,3.602203369,2.732003891,3.53742981,0.3957063432,0.3242921587,0.3846894666,0.3260779262,0.07907208902,0.0705124129,0.07763193368,0.07081376072,0.9949501975,0.9905208456,0.9949697663,0.9909640648
20.86902663,38.92623901,18.68333536,34.35797119,2.523361503,3.475494385,2.584964737,3.356048584,0.4079786322,0.3270356077,0.3852419042,0.331493437,0.06908435616,0.06031722115,0.0662700383,0.06086267706,0.9952522184,0.9911659394,0.9957556158,0.9922022642
11.84447957,17.98297119,9.714083779,18.72854614,2.255502189,2.789123535,2.128298273,2.863098145,0.3949221934,0.339770202,0.3968290435,0.3350667294,0.05969254049,0.05519951251,0.05952135978,0.05507883801,0.9939608395,0.9908520687,0.9950474656,0.9904727379
18.54868373,38.10842896,19.57437074,32.15342712,2.572242826,3.550964355,2.631094966,3.430770874,0.3926100978,0.3191427357,0.3836347042,0.3208625586,0.06238692135,0.05506616967,0.06078578492,0.05506357773,0.9953802197,0.9905292379,0.995122428,0.9920092361
24.4035901,43.56315613,22.90454767,43.01249695,2.974905764,4.036849976,2.981547909,3.913772583,0.362698362,0.2941403008,0.3557411044,0.2980059079,0.06950360546,0.06178641409,0.06824607503,0.06210713574,0.994425411,0.9900714382,0.9947695909,0.9901969068
20.83990455,37.46214294,19.78816573,37.19589233,2.602033682,3.469894409,2.602824052,3.478088379,0.3961257375,0.3254472042,0.3862444624,0.32308814,0.07857580144,0.07027610194,0.07710845474,0.07010461869,0.9948826463,0.9908242107,0.9951407966,0.9908894596
12.14079219,20.20219421,9.761262768,17.86222839,2.256094966,2.873214722,2.124012038,2.788864136,0.3937701972,0.3385477757,0.4014114595,0.3410606958,0.04615689624,0.04218064066,0.04682147454,0.04239061735,0.9957212571,0.9928941423,0.996560612,0.9937171773
10.95005472,17.12283325,10.03965528,19.28733826,2.134940418,2.695983887,2.140913789,2.801681519,0.4066492246,0.350828039,0.4018840404,0.3459653487,0.05480033895,0.05042205489,0.05457748717,0.05026454724,0.9945426027,0.9914845765,0.9949935824,0.9904080438
20.00959083,35.18838501,20.63492522,38.32518005,2.939795112,3.880187988,2.971014713,4.036880493,0.3476045754,0.2831139965,0.343609391,0.2797779873,0.04714880386,0.04162168341,0.04611010188,0.04155427737,0.9958855972,0.9927783037,0.9957553092,0.9921345014
16.20801921,34.43463135,19.34153089,30.99633789,2.567758998,3.503051758,2.580830496,3.373382568,0.3878300937,0.3204289389,0.3862631587,0.3207072279,0.07653693529,0.06825300865,0.07542994473,0.06818187694,0.9956418391,0.9907641934,0.994796568,0.9916864092
10.26372507,18.6612854,10.98762768,18.11624146,2.067227018,2.79800415,2.20130107,2.713287354,0.4145015954,0.3436899079,0.3994544522,0.3533167252,0.05450310002,0.04905147373,0.05354331879,0.04968613183,0.9934558205,0.9881354762,0.9929968184,0.9884819985
17.03979207,30.75808716,17.52957806,32.84204102,2.297726167,3.077026367,2.386429961,3.149780273,0.432104436,0.3565748259,0.4164290616,0.3544133678,0.1032932798,0.09243579458,0.1005035635,0.09213385971,0.9952771992,0.9914982665,0.995141744,0.9909222117
11.6796267,20.43060303,11.16754317,19.44042969,2.185919261,2.841064453,2.181830618,2.766143799,0.4052966124,0.347038099,0.4023832748,0.3501554739,0.05608568669,0.05222105157,0.05606515748,0.05230260961,0.9955498716,0.9922311118,0.9957576599,0.9926074698
11.78972641,21.02731275,11.11670064,18.47512091,2.23383461,2.943948413,2.223704527,2.782257564,0.3963696227,0.3322821536,0.3903536925,0.3433368103,0.05369225665,0.04876200418,0.05315427968,0.04939333171,0.994016621,0.989356595,0.9943693937,0.9906485598
17.36388923,32.43980408,17.70871839,32.19245911,2.443290978,3.261398315,2.440023103,3.266311646,0.4079048204,0.3356412807,0.4006143538,0.3360900432,0.0896628701,0.07990187418,0.08776938073,0.0798498657,0.9948401196,0.9903858184,0.9947365048,0.9904591565
14.04023286,23.50741577,11.9323322,22.09422302,2.304337913,2.907043457,2.163424125,2.875961304,0.4045513647,0.3510414981,0.410412559,0.3507436906,0.06053850158,0.05610199724,0.06102119884,0.05619388267,0.9933949629,0.9889678241,0.9943929771,0.9896309948
18.09458597,33.7379303,18.69161904,33.27709961,2.621154548,3.622055054,2.690129499,3.496124268,0.3849786394,0.3093749352,0.3697784434,0.312857064,0.06971469587,0.06203921245,0.06853335589,0.06203150058,0.995153371,0.9909871317,0.9949948206,0.9911102112
16.68973431,28.33439636,13.92901873,26.3106842,2.46849161,3.152755737,2.36016537,3.100692749,0.386947049,0.3320600911,0.3899929993,0.3302914231,0.04561966124,0.04182428237,0.04595453859,0.04173154812,0.9949801327,0.9914830134,0.9958097435,0.9920912655
13.17834995,23.69430542,13.00486381,22.73248291,2.202304232,2.834777832,2.166798395,2.831268311,0.4161322181,0.3619952723,0.4205702267,0.3597991594,0.06970252065,0.06487586005,0.07014711287,0.06481090857,0.9942717544,0.9897310356,0.9943495835,0.9901479573
14.16062743,22.69467163,11.08142327,21.21730042,2.332745623,2.955780029,2.222899441,2.890335083,0.395794754,0.3390673553,0.3931166316,0.3424697115,0.05207974047,0.04732826502,0.05200699359,0.0473464759,0.992335858,0.9877515245,0.994007107,0.988548873
10.8098401,17.72781372,11.37724951,20.97721863,2.001231153,2.552246094,2.075328307,2.641952515,0.4339536986,0.3778269898,0.4281184301,0.3745269071,0.0948990388,0.08953351447,0.09476383204,0.08918699423,0.9955818342,0.992776534,0.9953500597,0.9914524938
14.20415856,23.88676453,12.92132782,24.33024597,2.267236138,2.932296753,2.225194553,2.90071106,0.4108958216,0.3529316799,0.4087175357,0.3538955562,0.05834917657,0.05361288397,0.05855796525,0.05368531765,0.9939238518,0.989805516,0.9944725277,0.989616327
15.29018726,26.76776123,16.22730727,29.92193604,2.465010944,3.30859375,2.555189081,3.387786865,0.3969612602,0.3196527171,0.3837448596,0.3234216109,0.06156919323,0.05380066832,0.0596812423,0.05374064599,0.99612117,0.9932265439,0.9958816176,0.9924284314
20.61928502,39.15148926,20.52396948,36.63334656,2.8151143,3.788482666,2.811116853,3.765853882,0.3640901673,0.295227591,0.356819008,0.2927630181,0.04246253139,0.03710705348,0.04179986511,0.03707354158,0.9941816831,0.9889760737,0.9942060969,0.989685063
10.05258998,18.06546021,12.150915,20.61224365,2.028483706,2.630371094,2.165536843,2.75491333,0.4212555797,0.3644177486,0.4164860184,0.3591957343,0.0598766466,0.05519895151,0.05988393835,0.05502186994,0.9951224295,0.9912549379,0.994105265,0.9900221219
8.640457806,13.85083008,7.834979937,13.92677307,1.967093264,2.561279297,1.988737232,2.530990601,0.4217438341,0.3545716758,0.4093016225,0.3568566531,0.0561818726,0.05111816177,0.05523031955,0.05113733369,0.9948429819,0.991751021,0.9953358504,0.9917061157
19.36747629,38.01722717,21.01845209,36.02153015,2.694415734,3.688980103,2.808031372,3.675003052,0.3881928693,0.318080899,0.3768910905,0.3202542441,0.08481753646,0.07591066751,0.08349188747,0.07610093383,0.9951738226,0.9905481622,0.9947615171,0.9910443404
19.30090285,37.37844849,21.09709387,37.0539093,2.821847641,3.812042236,2.837883025,3.810653687,0.3628119314,0.2945157791,0.3590198167,0.2928659979,0.04428433356,0.03879974477,0.04403812462,0.03877001877,0.9947820653,0.9899126838,0.9942930197,0.9900002213
10.98133512,21.95150757,12.80562986,20.09066772,2.120622568,2.856323242,2.249878405,2.820159912,0.4111259782,0.3507520732,0.4044075343,0.3460737111,0.05126227204,0.04633090526,0.05096772827,0.04608366753,0.9949822138,0.9899888076,0.9941447814,0.9908374577
12.31098006,20.60171509,12.30894334,22.46109009,2.19816999,2.851287842,2.259454037,2.917175293,0.4079265591,0.3499414816,0.4013869989,0.3462403037,0.06700312609,0.06216881501,0.066809864,0.06196272033,0.9955133733,0.9925135781,0.9955140922,0.9918378896
11.53187318,18.35516357,10.24914883,19.09963989,2.097990637,2.674682617,2.103264835,2.696990967,0.4193877375,0.3603025323,0.4121081319,0.3592958075,0.06790499026,0.06226962816,0.06692277815,0.06214284269,0.9940865969,0.99061318,0.9947417648,0.9902324896
19.41590163,37.24676514,20.73992279,36.15611267,2.840816513,3.841918945,2.868874635,3.843734741,0.3608817337,0.2949823644,0.3572693305,0.2940792917,0.05334585581,0.04725172606,0.05249942212,0.04723422667,0.9956090738,0.9915926405,0.9953093593,0.9918388698
15.57830739,25.50793457,13.19570768,25.84222412,2.363326848,3.015533447,2.296753405,3.013397217,0.4045202263,0.3496580978,0.4037951894,0.3498282579,0.06175768728,0.05710183933,0.06177494392,0.05734456857,0.9941854659,0.9905052601,0.9950763785,0.9903808544
14.22872082,25.31680298,12.07797301,22.31762695,2.356912695,3.170837402,2.235530156,2.947296143,0.4021095154,0.3264201073,0.3983384352,0.3361515869,0.05277061148,0.04593766342,0.05143373457,0.0465301317,0.9965673807,0.993906268,0.9970837518,0.9946280232
13.25980362,23.00009155,12.86834266,22.91940308,2.201468264,2.83380127,2.180325875,2.803283691,0.4155399367,0.3599883062,0.4160679507,0.359050492,0.07398464892,0.06888546058,0.07418522309,0.06879513594,0.9942687035,0.9900633373,0.9944267948,0.9900980109
17.27064081,30.68267822,18.06680143,33.84596252,2.452912208,3.23236084,2.473568215,3.309188843,0.4011504524,0.3312638736,0.3941224894,0.3310802451,0.07921326573,0.0705082366,0.07781131625,0.07052386655,0.995106494,0.9913297809,0.9948821279,0.9904359602
16.3254955,29.55404663,18.58376398,34.33392334,2.752933487,3.71975708,2.84321802,3.827148438,0.3502638258,0.2785654621,0.3455395952,0.2836660898,0.04139238805,0.03610445695,0.04087586246,0.0363139705,0.9954949684,0.9918526979,0.9948684814,0.990535392
14.9453581,29.50717163,13.48306785,21.07463074,2.337594236,3.052154541,2.220330739,2.844955444,0.4045938588,0.3523517566,0.41432005,0.3547873608,0.07703662274,0.07235730323,0.07753794207,0.07260753562,0.9936708664,0.987540463,0.9942937652,0.9911012136
17.42272617,33.42152405,17.23451179,29.98797607,2.570738084,3.461715698,2.583672787,3.401184082,0.3874460958,0.3186078846,0.3825422717,0.3183305376,0.06406377471,0.05652176784,0.06268800407,0.05647445219,0.9958564645,0.9920622684,0.9958988712,0.9928780333
11.27054961,18.93128967,10.91941269,19.46638489,2.164974465,2.809585571,2.215041342,2.831344604,0.4028160496,0.343946577,0.3953155685,0.3395033961,0.04594751507,0.04150028493,0.04512380724,0.04115930013,0.9935647587,0.9892127435,0.9937633409,0.9889078403
26.12563838,48.83088684,24.218826,43.98083496,3.010761187,4.069656372,2.984177408,3.944488525,0.3704385308,0.3034767975,0.3649916273,0.3052603998,0.06306892455,0.05583320297,0.06186270004,0.05606283434,0.9956582242,0.9918829183,0.9959699013,0.9926891273
14.2890777,28.2645874,18.34619711,31.42076111,2.489466804,3.451324463,2.72527055,3.525558472,0.3859896333,0.3106554059,0.3653613526,0.3098016837,0.06297029499,0.05525864333,0.06045290939,0.05540795659,0.9967347834,0.9935597095,0.9958090202,0.9928405276
14.59350681,29.92852783,16.43935433,26.94641113,2.470756323,3.407287598,2.540825632,3.332000732,0.387923417,0.3164209798,0.3829031854,0.3162613974,0.06281467979,0.05544443786,0.06159086609,0.05555584913,0.9962575269,0.9923414262,0.9957821631,0.9931045993
9.748875243,15.31394958,8.782982733,16.38583374,2.06745501,2.633132935,2.03073322,2.631896973,0.4133604803,0.3539042601,0.4125640047,0.3558513768,0.06100243949,0.05633825438,0.06082909629,0.05615859412,0.9955514866,0.9930224979,0.995992117,0.9925341383
23.47823444,42.46913147,24.40295173,46.14761353,2.759818823,3.707229614,2.837047057,3.765808105,0.388783433,0.3159341191,0.375487762,0.3172710593,0.07809157557,0.06958552975,0.07608982288,0.06970898249,0.9943622787,0.9898279277,0.9941405291,0.988946862
25.26351228,45.12072754,24.79865333,47.43438721,3.088718993,4.103118896,3.008040491,4.125823975,0.3502207864,0.2857704188,0.3506346707,0.285119851,0.0616719844,0.05506052051,0.06095958383,0.05497675738,0.9940827921,0.9894561412,0.9941925631,0.9889154562
18.33669747,35.33914185,19.05113084,32.8526001,2.561831226,3.375030518,2.536174611,3.400756836,0.4042245815,0.3362781692,0.3990087072,0.3343909516,0.0938125098,0.08477240505,0.09275278969,0.08474168838,0.9952814429,0.9909298814,0.9950981289,0.9915680425
22.03093081,41.91912842,23.51530581,41.67129517,2.928973127,3.971069336,2.966363692,3.904541016,0.355512681,0.2891085996,0.3478862355,0.2875549787,0.06225583617,0.05513302552,0.06081751637,0.05549274504,0.9944934381,0.9895503244,0.9941262798,0.9896121787
18.9713947,34.66423035,17.66378891,32.59103394,2.747081712,3.699447632,2.741731518,3.666534424,0.3728055115,0.3031851534,0.3641981899,0.3023524977,0.05933671683,0.05235563142,0.05776437847,0.05211627286,0.9956771723,0.9921150461,0.9959767493,0.9925869271
16.6249544,28.32621765,16.22192668,31.89450073,2.568290978,3.358657837,2.551206834,3.482788086,0.3884103871,0.3204149802,0.3860005416,0.3196725144,0.06197207646,0.05505646511,0.06134315342,0.05515071312,0.9958867669,0.9930094284,0.9959868555,0.9921288886
11.52714616,22.23484802,12.66982308,20.40696716,2.164518482,2.897140503,2.2291616,2.853012085,0.4067188622,0.3442688836,0.405134998,0.3415057753,0.05221448176,0.04688522357,0.05213329569,0.04697049988,0.9949131065,0.9902103286,0.9944059942,0.9910149508
23.04573504,45.29020691,23.65971547,40.86856079,3.0182241,4.135757446,3.066725438,4.003997803,0.3467593191,0.2789668672,0.3378661065,0.2808505996,0.04299566314,0.03775032124,0.0417682298,0.03767440598,0.9949684865,0.9900936357,0.9948167032,0.9910607941
15.41301374,30.610672,18.29638862,30.47590637,2.599875365,3.574966431,2.717321255,3.517105103,0.3736722231,0.3054754112,0.3689434853,0.3066955743,0.05369380505,0.04702920187,0.05269683568,0.04738666139,0.9967397378,0.9935252628,0.99612452,0.9935536314
16.82190844,28.01545715,15.07756262,30.15591431,2.506277359,3.263534546,2.420035871,3.322387695,0.3935049452,0.3249579072,0.3876215667,0.3232538639,0.05184869919,0.04556534894,0.05096703476,0.04541331198,0.9963582228,0.9939418829,0.9967377409,0.9934788608
18.24680812,35.6855011,19.3776599,33.36074829,2.644516051,3.602828979,2.629605423,3.456237793,0.3831003172,0.3095597975,0.3757769205,0.3156038037,0.04894114823,0.04301286053,0.04826900308,0.0434170456,0.9952089383,0.9906483919,0.9949061826,0.9912575951
22.80866975,41.24572754,24.5545659,45.8805542,3.057879377,4.112670898,3.183487354,4.287841797,0.3460029173,0.2784536108,0.3331487566,0.2777831014,0.05463875819,0.04852102864,0.05337665083,0.04851139579,0.9941793114,0.9894953578,0.9937348185,0.9883149148
8.155915613,15.42379761,10.80011248,17.31585693,1.870774562,2.431091309,2.016308974,2.53616333,0.4408730436,0.3836030989,0.4329283538,0.37820132,0.1104368516,0.1042748965,0.1104532372,0.1041264109,0.9964405875,0.9932886639,0.9952870359,0.9924653895
11.02827091,21.67956543,11.96508694,18.28178406,2.174914883,2.873901367,2.191284655,2.776077271,0.4063077561,0.3482495132,0.4077857653,0.3515525766,0.06899816023,0.06442056451,0.06952422298,0.06468386871,0.9952678575,0.9907190608,0.9948749563,0.9921736965
10.48290066,17.27204895,9.235530156,16.24346924,2.176875608,2.766098022,2.107672665,2.763000488,0.3995019794,0.3459767223,0.4039472652,0.3420127862,0.0562677425,0.05240985127,0.05689355027,0.05206387375,0.9951406949,0.9920098289,0.9957200204,0.9924856076
11.36481639,16.90814209,10.84464677,22.01158142,2.062651994,2.54196167,2.04141841,2.725997925,0.429720038,0.3794114205,0.4317230926,0.3726597125,0.101412408,0.09566033633,0.1015521582,0.09526581561,0.9960143141,0.9940882017,0.9961976765,0.9923038104
8.486654912,14.33891296,8.3567607,13.91142273,1.963126216,2.526138306,1.996412938,2.511489868,0.4273964684,0.3685675163,0.4180102178,0.3666337373,0.09125656093,0.0850504761,0.09001285247,0.08487291545,0.9949140053,0.9914301567,0.9949927935,0.9916856354
9.027115759,15.64208984,9.185828064,15.04354858,2.086940661,2.719116211,2.10755107,2.679901123,0.4042195518,0.3438501486,0.4038399848,0.3458436421,0.05515293942,0.05019620271,0.05539997104,0.05023065313,0.989627312,0.9820445505,0.9894379181,0.9827318536
13.7162725,24.62690735,15.4037269,27.29034424,2.261566756,2.936508179,2.315661479,2.979553223,0.4115362766,0.3549326163,0.407910217,0.3545429825,0.06876318844,0.06374592574,0.06820176952,0.06360142879,0.9944273009,0.9900241686,0.9937410313,0.988945242
15.6978356,27.12564087,14.82265321,27.76704407,2.316968628,2.98223877,2.321650049,3.043289185,0.4155253738,0.359394142,0.4137297687,0.3582068804,0.07598428729,0.07113647052,0.07615346113,0.07117448378,0.9941423144,0.9899044691,0.9944685456,0.9896657302
10.50747811,17.73988342,9.855088765,17.39526367,2.085481518,2.715805054,2.092564446,2.697479248,0.4138684015,0.3515415248,0.4113882486,0.3522649599,0.06477172825,0.06032713887,0.0651208213,0.06068841192,0.9962014356,0.9935954393,0.9964380059,0.993719759
10.28957928,16.10653687,10.10809825,19.04475403,2.102900049,2.664215088,2.10651751,2.760971069,0.4151210754,0.3577059647,0.4133753169,0.35676438,0.07469396286,0.06941235555,0.07430518662,0.06914984469,0.9956017663,0.9931324676,0.9956777365,0.9918796549
13.96561892,25.68807983,14.52751094,25.11857605,2.314141537,3.070892334,2.35755107,3.024612427,0.4025168831,0.3445020505,0.3995022539,0.3465448987,0.06668661167,0.0620984959,0.06682980969,0.06223818023,0.9957838129,0.9922662159,0.9956151615,0.9924376421
9.946285263,17.11306763,9.840740516,17.14031982,2.015625,2.622711182,2.040308852,2.605926514,0.4251303655,0.3674422706,0.4208772441,0.3653562375,0.07766706179,0.07205552331,0.07741499345,0.07183710031,0.9952254491,0.9918080174,0.9953035861,0.9917949689
12.31826058,19.99575806,8.639500243,16.15267944,2.21222945,2.780670166,2.009089251,2.647033691,0.4104112293,0.3574130668,0.4179784978,0.3596972597,0.06956325364,0.06443817785,0.06965724943,0.06463163754,0.9954194063,0.9925816762,0.9967846981,0.9940074109
27.90030703,49.10482788,24.79447349,46.97364807,2.978249635,3.952392578,2.920659047,3.903396606,0.3758307263,0.3180188804,0.3763237897,0.3230146258,0.07074579725,0.06635694304,0.07086757576,0.06662822187,0.9914068597,0.9849082025,0.9923581695,0.9855631859
8.917467169,14.70140076,7.966910871,14.16523743,2.093993191,2.677688599,2.00728052,2.653640747,0.4020786936,0.3419740298,0.4079146023,0.342910871,0.06591231848,0.06063837014,0.06621182318,0.06093354827,0.996314007,0.993939377,0.9967056195,0.9941603726
12.57526751,22.16271973,12.51021401,22.07038879,2.168622325,2.828308105,2.205678502,2.830215454,0.413664084,0.3553529346,0.4107672232,0.3567738168,0.06200289527,0.05735176483,0.06226612552,0.05745409253,0.9952077811,0.991572127,0.9952299916,0.9916072074
12.96153028,24.35321045,12.49516659,20.35150146,2.283484314,3.000488281,2.252492704,2.87020874,0.4036235865,0.3456149946,0.4051223501,0.3509310369,0.05679923458,0.05188479456,0.05677179979,0.05226561814,0.9941014896,0.9889452414,0.9943129307,0.9907617526
15.0937196,31.54827881,16.62816148,25.09164429,2.412451362,3.321136475,2.536660992,3.105712891,0.3922151187,0.3276688043,0.3825580387,0.3362914155,0.05165099042,0.04669593719,0.05108452606,0.04728712394,0.9942848874,0.9880568189,0.9937090071,0.9905008031
15.01764652,23.68772888,13.02880289,26.2623291,2.269348857,2.839187622,2.181465832,2.943969727,0.4215086988,0.3683174917,0.4246424076,0.3672295999,0.07634792254,0.07121690681,0.07716810962,0.07128168012,0.9948750571,0.9919400325,0.9955538837,0.9910639952
16.01000122,27.32128906,14.18994711,26.59791565,2.304383512,2.912567139,2.197972398,2.891555786,0.4212739698,0.3687414487,0.4251716848,0.3700799151,0.07661819388,0.07199379178,0.07717060113,0.07182865352,0.9945262225,0.9906845943,0.9951490395,0.9909312389
10.59972337,19.79086304,10.94596607,17.48338318,2.10391841,2.810089111,2.148726289,2.675094604,0.4132202303,0.3501139984,0.4082829424,0.3580735203,0.05712880436,0.05214810318,0.05685421682,0.05287294152,0.9953368334,0.9913131313,0.995183682,0.9923259436
15.11928502,28.62420654,15.85136491,26.69326782,2.441877432,3.245727539,2.441041464,3.08883667,0.3879236393,0.3279562329,0.3860465237,0.3340266926,0.04494950303,0.04061716106,0.04498397393,0.04117340016,0.9942129311,0.9890560863,0.9939405241,0.989794331
9.678760336,16.00917053,8.983523833,15.64309692,2.046434217,2.618911743,2.056967412,2.615966797,0.4210952241,0.3624609974,0.4116098739,0.3613215375,0.07232822854,0.06699190484,0.07153526624,0.06689890792,0.9899817989,0.9834472661,0.9907006945,0.9838258537
11.26345148,19.54034424,11.05354754,19.0177002,2.200738692,2.881774902,2.221136308,2.822814941,0.4012121374,0.339349679,0.3973232852,0.3450523352,0.05465806063,0.05009640549,0.05464118405,0.05032633281,0.9938281039,0.9893145594,0.9939470256,0.9896002338
10.38726593,16.934021,10.36116853,18.84764099,2.067135822,2.590332031,2.059520914,2.688796997,0.4203165622,0.3681231119,0.4217430391,0.3643246371,0.06626511665,0.06142544796,0.06625558172,0.06110294773,0.9960337073,0.99354932,0.9960440242,0.9928203313
10.25442303,17.0174408,9.200997082,16.88786316,2.220467534,2.883682251,2.133298881,2.852828979,0.389765709,0.32987018,0.3950750097,0.3303480413,0.05346895975,0.04897102545,0.05410034057,0.04913510503,0.9957374654,0.992943354,0.996174966,0.9929971124
12.56742461,23.31469727,13.79468628,22.90071106,2.340041342,3.116088867,2.418105545,3.105880737,0.3891656251,0.3290484462,0.3853681352,0.329102097,0.04726016974,0.04252480791,0.04699048715,0.0423449253,0.9942255636,0.9893114535,0.9936642889,0.9895012313
10.1144972,19.64849854,11.64687196,18.40660095,2.062727991,2.734375,2.153681299,2.706222534,0.4236765257,0.3650782462,0.4177260418,0.3641144308,0.08377797853,0.07853794116,0.08352144904,0.07841205833,0.9966204397,0.9934556527,0.9961083104,0.9938692587
15.98881323,25.83346558,12.4531554,24.5138092,2.477170477,3.163391113,2.323656372,3.100723267,0.3893846286,0.3341805204,0.3928898332,0.3367815136,0.05649547098,0.05204802809,0.05662642462,0.05211266856,0.9949649536,0.9918866991,0.9960784115,0.9923012226
9.488630837,15.74189758,8.316725438,14.46234131,2.07760822,2.661911011,2.01197714,2.590332031,0.4102561194,0.3535519441,0.4133343442,0.3555847328,0.06146592383,0.05611342761,0.0616201163,0.05652216329,0.9870367164,0.9785153936,0.9886353029,0.9802615786
10.37159533,17.7297821,10.83821741,19.28198242,1.934490516,2.437698364,1.936040856,2.471038818,0.4460122549,0.3906408306,0.4434679486,0.3901665448,0.1004295629,0.09435063234,0.1000402214,0.09419142282,0.9951677254,0.9917665213,0.9949504482,0.9910456965
14.16567364,22.80175781,12.77710056,24.98878479,2.376459144,3.041351318,2.285703429,3.078994751,0.3957975068,0.3352017998,0.3986452985,0.3397105533,0.05143084636,0.04692901043,0.0513148312,0.04701930424,0.9948938422,0.9918030545,0.9953943491,0.9910168502
9.820753283,16.57246399,9.248844844,15.77565002,2.069111746,2.631332397,2.015807393,2.574111938,0.4192355454,0.3674382634,0.4247554972,0.3678285949,0.0765338119,0.0714529396,0.0771932523,0.07144300206,0.9930451059,0.9882885781,0.9934486579,0.9888517217
13.53406189,28.24984741,17.12563838,26.71665955,2.287223371,3.084411621,2.423668531,3.048019409,0.4047096562,0.3441578937,0.4007700546,0.3442370155,0.06326831132,0.05917908346,0.06368573041,0.05926966036,0.9966550751,0.9930243427,0.9957668778,0.9934029888
14.31579827,25.70956421,14.1769668,25.27366638,2.313001581,2.968444824,2.289928867,3.05909729,0.4078513047,0.3507605168,0.4053584893,0.3472136901,0.05635736265,0.05140796093,0.05560206602,0.05102755916,0.9944156345,0.9899978389,0.9944688493,0.990167362
13.32590589,21.91435242,11.77439506,22.24510193,2.271795963,2.915908813,2.220984314,2.9115448,0.4069089498,0.3481388109,0.4037593987,0.3510944889,0.06095563003,0.05603537817,0.06059667234,0.05615089663,0.9953441335,0.9923679007,0.9958876957,0.9922527416
10.12787269,16.73365784,9.129468628,16.2147522,2.150915005,2.73866272,2.081681663,2.71673584,0.4052622624,0.352934976,0.4119799483,0.3510625454,0.07706747486,0.07218147143,0.07806158249,0.07218151498,0.9906456458,0.9845590874,0.9915661359,0.9850377615
10.6327365,17.02410889,10.27650778,19.18634033,2.128936649,2.731750488,2.1666768,2.823059082,0.4103743172,0.34987598,0.4010206458,0.3458667545,0.06202035653,0.05722844589,0.0617297167,0.05694562395,0.9954555177,0.9927371916,0.9956057668,0.9918147498
19.23353903,33.79022217,17.84692668,32.47732544,2.705693701,3.521942139,2.651066999,3.497528076,0.3775952726,0.3267943489,0.3794911972,0.3240324284,0.07922588205,0.07511467837,0.07980892434,0.07493607854,0.9941842109,0.9898097811,0.9946026842,0.9902056798
6.794184703,11.39064026,7.297802164,11.77919006,1.78099161,2.255020142,1.835831104,2.285690308,0.4451135402,0.3888140576,0.43892192,0.3870059032,0.1113361776,0.1036440866,0.1107426189,0.1035926528,0.99693417,0.994875967,0.9967070008,0.9947011739
13.84142449,24.75563049,11.71336941,20.23207092,2.224510579,2.91835022,2.152054961,2.752548218,0.4217540167,0.3641289924,0.4207038956,0.3653443493,0.06863177164,0.06367264137,0.0688107098,0.06389821747,0.9941417882,0.9895516913,0.9950431138,0.9914608384
14.62092656,24.31283569,12.93420173,24.51420593,2.267053745,2.90802002,2.218856396,2.914138794,0.4131661196,0.3563572948,0.4112839572,0.3542654875,0.06487050086,0.05968634452,0.0646798639,0.05960668759,0.9928211158,0.9880929863,0.9936494013,0.9879943489
10.13638436,17.40692139,9.713855788,16.92279053,2.066801435,2.665344238,2.067272617,2.644012451,0.4194260598,0.3644603632,0.4189943916,0.3634393345,0.07953179821,0.07384888585,0.07973197528,0.0739529652,0.9959387408,0.9930483647,0.9961105345,0.9932417134
19.04853174,35.84059143,19.34356761,34.05557251,2.55129803,3.421096802,2.598309825,3.394073486,0.3859376863,0.3260307063,0.382870479,0.3252786981,0.04559484676,0.04130290953,0.04524200807,0.04133309952,0.993100432,0.9870351006,0.9929919204,0.987680952
12.31476471,19.08978271,10.09099891,20.02693176,2.216850073,2.779846191,2.104982369,2.820358276,0.4143577437,0.3608445259,0.4166974571,0.3582959043,0.07840997644,0.07372970849,0.07867635754,0.07365863424,0.9964088713,0.9944478224,0.9970568581,0.9941752344
15.91638801,26.85879517,14.07526751,25.78436279,2.548592534,3.304077148,2.482581469,3.256408691,0.3736310321,0.3205126129,0.3746539892,0.3222325064,0.05069925549,0.04653314894,0.05090943366,0.04673927247,0.9923183424,0.987068697,0.9932077891,0.9875859989
10.42689081,17.69818115,9.971242704,17.6026001,2.088156615,2.70916748,2.094114786,2.661834717,0.4191616241,0.360715722,0.416909222,0.3632079435,0.06688381795,0.06149891997,0.0666838064,0.06161300728,0.9962222811,0.9936050287,0.9963858711,0.9936395421
13.50918045,24.24353027,13.73852444,23.89720154,2.305569066,2.94329834,2.230407952,2.938156128,0.4062787142,0.3517475829,0.4122731112,0.3540422618,0.06838542407,0.0638059862,0.06879202692,0.0640581884,0.9949278961,0.9909203867,0.9948404504,0.9910500896
13.9791464,24.91911316,14.05958171,24.48457336,2.402480545,3.124313354,2.394668045,3.107833862,0.3938662027,0.3355885456,0.3927621723,0.3389786813,0.05690690201,0.05221524732,0.05685073945,0.0523191347,0.9938371505,0.9890371416,0.9938012832,0.9892286668
19.08364239,29.64230347,14.19870197,30.32423401,2.529076483,3.205200195,2.35051374,3.209335327,0.3862374921,0.3346199424,0.3960934333,0.3331903042,0.05746001092,0.05372888092,0.05803054155,0.05333745457,0.9935253896,0.9899691452,0.9951908056,0.9897382661
8.908712305,15.55345154,9.640807393,15.95140076,1.967868434,2.568557739,2.097033074,2.602371216,0.4289093413,0.3659155813,0.4107358066,0.3650744508,0.08235668083,0.07645556688,0.08101460294,0.07637126667,0.9914345015,0.9850743263,0.9907352452,0.9846923748
8.439886308,15.5466156,8.773863084,13.68737793,2.027556542,2.644546509,1.946650049,2.44934082,0.4112904136,0.3518777558,0.4203821694,0.3608957375,0.06147855405,0.05699606065,0.0620196134,0.05730678506,0.9961746528,0.9929732897,0.9960230733,0.993813622
9.069947714,14.23371887,7.555158682,13.45397949,2.008998054,2.507369995,1.890700997,2.455993652,0.4232390182,0.3723453848,0.4325757472,0.373702233,0.09343726505,0.08807971138,0.09461542729,0.08822180619,0.9887942557,0.9824391339,0.9906635117,0.9834009632
12.60366002,21.11599731,10.33207685,18.80264282,2.285141051,2.965270996,2.163241732,2.834472656,0.4009037693,0.3411059823,0.404282811,0.3437010324,0.06351313145,0.05901326954,0.06387503767,0.05916194103,0.9950175495,0.9916714968,0.9959146427,0.9925839496
16.77038242,28.24266052,14.38715953,27.21247864,2.55442911,3.295455933,2.431207442,3.22517395,0.3868166557,0.3332461633,0.3912056571,0.3369719473,0.06190639244,0.05729826761,0.06237233701,0.05742559056,0.9929767961,0.9882031009,0.9939742914,0.9886333354
13.73639652,26.08233643,14.84951058,24.94355774,2.367050705,3.158081055,2.409882661,3.114120483,0.3936729025,0.337551891,0.3938579533,0.3354772768,0.05381537255,0.04928421632,0.05398220202,0.04944040153,0.9953388083,0.9911715616,0.9949581223,0.9915570626
15.94370136,30.95495605,18.38500122,31.27302551,2.367369893,3.147460938,2.459052772,3.179458618,0.4026296714,0.3460473152,0.4023271714,0.3458040076,0.05906541886,0.05420637298,0.05903471994,0.05424566577,0.9953701811,0.9910293423,0.9946754733,0.9909371152
21.5963035,32.47009277,16.84838582,35.90328979,2.983888619,3.702423096,2.749042437,3.884185791,0.3481777065,0.3007984974,0.3562437614,0.293672887,0.05717136656,0.05352469362,0.05740300105,0.0531177756,0.9928587486,0.9892752276,0.9944339386,0.9881416591
14.38351167,24.87249756,13.28485226,24.13583374,2.301799611,2.958465576,2.225604937,2.870391846,0.4148538336,0.3607338689,0.4164199469,0.3641269537,0.07048712654,0.06561445101,0.07051967044,0.06587375642,0.9950808398,0.9915178015,0.9954575378,0.991769031
14.53494346,23.72572327,11.63436284,22.6955719,2.217518847,2.927047729,2.235195768,2.850234985,0.4136211729,0.350743769,0.40369657,0.3524375983,0.05757797211,0.05255541636,0.05714916877,0.05283351692,0.9947516702,0.9914508274,0.9957968242,0.9918220703
14.0129955,20.82449341,11.85838704,24.68208313,2.219737962,2.754608154,2.191163059,2.896621704,0.4109520796,0.3575792081,0.4088495089,0.3526216645,0.06123495595,0.05672282695,0.06130083085,0.05628639681,0.9942239814,0.9914397611,0.9951125117,0.989854066
13.35917741,19.81130981,12.63842108,26.1517334,2.313183974,2.796142578,2.242020306,3.032806396,0.3981481334,0.3516204551,0.4065747416,0.3466009292,0.05792618911,0.05388514055,0.0586346204,0.05374788292,0.9961472339,0.9942961709,0.9963531783,0.9924707135
11.87341926,19.76635742,10.75366306,19.71995544,2.205830496,2.800689697,2.162740151,2.840164185,0.4082888278,0.3533025154,0.4100461591,0.3514164803,0.06270540903,0.05789027114,0.0628250532,0.0577423103,0.9959502438,0.9932750745,0.9963338991,0.993290872
18.69595088,26.92051697,12.38746352,28.61000061,2.410019455,3.042678833,2.228933609,2.957839966,0.4064105222,0.3481647379,0.4071904396,0.3509428571,0.05554912269,0.05112037875,0.05582728966,0.05173126701,0.9935964129,0.9907893301,0.9957609478,0.9902112994
12.49002918,23.08683777,12.11471,20.09132385,2.259089251,2.936843872,2.208794382,2.834060669,0.4010427904,0.3438083284,0.4066004774,0.3508667291,0.06215550106,0.05776994567,0.06275353079,0.05820894244,0.9946551726,0.9901462204,0.9948160316,0.9914247636
16.08192485,28.27728271,14.50121595,26.33734131,2.375455982,3.086425781,2.347549854,3.047088623,0.3985569503,0.341872169,0.3970934406,0.3417455018,0.06195867527,0.05727795675,0.06155178226,0.05724970871,0.9959876947,0.9929631824,0.9963824074,0.9934459308
14.07125486,24.05441284,12.47434339,22.93525696,2.3203125,2.995300293,2.244589008,2.943008423,0.4070250829,0.3524930332,0.411062736,0.3530343336,0.07613449851,0.07121567509,0.07635948746,0.0711549451,0.9958368588,0.9929020899,0.9963091978,0.9932323256
9.560698411,16.02088406,10.6580255,18.83762852,2.041133486,2.619538014,2.124294642,2.729166667,0.4226050387,0.3641117528,0.4128510658,0.3614848746,0.08054004376,0.07457928064,0.07950601569,0.07456626517,0.9967770429,0.9946164001,0.9964082201,0.9936698393
10.1484071,17.75656128,11.03436588,19.26878357,2.010122811,2.697143555,2.151978964,2.721572876,0.4284139258,0.3598311378,0.4118131757,0.3608665621,0.07410288736,0.06821555779,0.07288074332,0.06822279928,0.9958625246,0.9927800391,0.9955008703,0.9921651776
11.56754621,18.6855011,9.973978599,18.70462036,2.137980302,2.761642456,2.070859679,2.657043457,0.4143123365,0.3570420166,0.4163447163,0.3648206706,0.06420946616,0.05915267717,0.06449053337,0.05973380257,0.9952681112,0.9923789943,0.9959193582,0.9923711935
13.75883086,26.53843689,13.984299,22.51553345,2.434718507,3.276107788,2.456696863,3.099884033,0.3838410739,0.3273411103,0.3838331859,0.3317868995,0.06244742217,0.05840722236,0.06272146661,0.0583328638,0.9950844831,0.9905408691,0.9950047454,0.9919747564
8.049838886,13.19656372,7.275656615,12.54777527,1.876170355,2.404266357,1.87186892,2.382949829,0.4369525696,0.3751210898,0.4326173443,0.3771587982,0.08385714013,0.07848117373,0.08391648487,0.07838510859,0.9968632341,0.9948738918,0.9971666207,0.9951259125
10.35335603,17.93849182,9.765260214,16.16413879,2.143968872,2.764511108,2.134910019,2.695602417,0.4082555741,0.3522960489,0.405673493,0.3524899231,0.07137900231,0.06595943965,0.07106956805,0.06607742891,0.9873946712,0.9781943883,0.9881118155,0.9803512314
18.49154912,29.95613098,15.26682575,30.7389679,2.570555691,3.317001343,2.477489664,3.332870483,0.3894457649,0.3312988641,0.3856132796,0.3321749564,0.05687041027,0.0521833888,0.05678611282,0.05246260825,0.9919035492,0.9869149214,0.9933133696,0.9865729396
12.66260336,22.51705933,13.16214737,23.26333618,2.225620136,2.867980957,2.203428988,2.880767822,0.4106724139,0.3557231741,0.4155361428,0.359230818,0.07116303509,0.06602354954,0.07165806383,0.06630054908,0.9957216479,0.9924159582,0.9955561563,0.9921645624
11.34257964,17.08906555,8.309703307,16.74301147,2.146385579,2.652481079,1.9609375,2.624023438,0.4148980053,0.3614212634,0.4236315758,0.3626926186,0.07240884216,0.06729767178,0.07307541034,0.06740058271,0.996921048,0.9953742502,0.9977446214,0.9954679107
10.5729572,19.71981812,11.31383755,18.4593811,2.049823687,2.628387451,2.081012889,2.638122559,0.421973703,0.3657953702,0.4199436361,0.3646083283,0.06731526357,0.06218599626,0.06755312581,0.06223668196,0.995359498,0.9913680262,0.9950364333,0.9919198026
11.91374331,20.44387817,10.7474161,19.03747559,2.245455375,2.883880615,2.143117704,2.788696289,0.4042504501,0.3472874732,0.4084970507,0.3516142522,0.06074882428,0.05595434463,0.0609712135,0.0561931669,0.9955970065,0.9924638807,0.9960276249,0.9929823463
14.20481214,26.07170105,14.22353782,24.15164185,2.353796814,3.076187134,2.370941756,3.062286377,0.3997820795,0.3427164215,0.3952316397,0.3405285512,0.05938961639,0.05462065405,0.05894435953,0.05448612214,0.9951739423,0.9911664615,0.9951663348,0.9918169796
13.13703794,21.03712463,12.15418288,23.38938904,2.225802529,2.789871216,2.154091683,2.846572876,0.41072345,0.3572290927,0.4167843843,0.3588107753,0.0614985675,0.05716732152,0.06221099663,0.05684299839,0.9949979958,0.9920032884,0.9953674334,0.9911091082
9.786828186,15.71040344,8.846653089,15.95011902,2.128845452,2.695236206,2.079325754,2.734115601,0.4061451285,0.3481016412,0.4046550738,0.3461808954,0.05952491983,0.0546670603,0.05939821935,0.05430072974,0.9903823187,0.9845858608,0.9913087846,0.9843507171
7.075708293,9.929168701,6.028878891,11.21913147,1.849449781,2.214874268,1.748084874,2.319839478,0.434482652,0.3856347562,0.4433852449,0.3781845251,0.08022421346,0.07481264304,0.08107334554,0.07414934873,0.9849147151,0.9788667188,0.9871368265,0.9761212494
15.80369016,25.14922209,11.75120556,23.81189904,2.344281915,2.95307492,2.204695866,2.899405716,0.4021774188,0.3460830388,0.4042806767,0.348821344,0.07636346611,0.07123333114,0.07612822342,0.07140109772,0.9943918923,0.9911035093,0.9958304966,0.9915765608
11.17834995,18.39157104,10.67585725,19.904953,2.05234679,2.650024414,2.079036965,2.665420532,0.4291494346,0.3716927893,0.4233018094,0.3696131653,0.0880726465,0.08203827879,0.08747800624,0.08177420173,0.9958218091,0.9931471099,0.9960136115,0.9925832035
12.7342534,23.95420837,12.36101654,20.51602173,2.150595817,2.827285767,2.144941634,2.697967529,0.4159632324,0.3576607968,0.4159962461,0.3622995103,0.06415304805,0.05906392147,0.06396005329,0.05932092153,0.9965500726,0.9935190967,0.996652087,0.9944491903
18.76691695,31.25306702,15.96013193,30.84254456,2.664685676,3.436325073,2.531174003,3.385452271,0.3730602009,0.3161729614,0.3781877032,0.3217685723,0.06280849336,0.05819168526,0.06267446845,0.05846379591,0.9934374957,0.989091113,0.9944255609,0.9892348986
17.02466865,27.83892822,14.692683,28.02960205,2.680097884,3.463256836,2.607505472,3.505218506,0.3615919883,0.3044441354,0.3584252168,0.301953091,0.04272234063,0.03867538832,0.04241521521,0.03851551103,0.9898298487,0.9834019677,0.9912276467,0.9832881057
3.105438351,6.516494751,3.798683731,6.345474243,1.082578429,1.529098511,1.186876824,1.561019897,0.6047150004,0.5184957546,0.5828306837,0.5103706394,0.1248838273,0.1102561042,0.1202867213,0.1101560142,0.9990260715,0.9979588894,0.9988089697,0.9980124563
8.547802164,14.83058167,8.516688959,14.10572815,1.986001338,2.590774536,2.021947957,2.557296753,0.4228147956,0.3613254938,0.414804106,0.3597590269,0.0801605092,0.07422178664,0.07994244611,0.07422193329,0.9940628755,0.9897220026,0.9940855311,0.9902243402
10.21995075,15.28868103,9.093446012,18.16253662,1.97162269,2.45765686,1.95078429,2.561859131,0.4362324859,0.3806165168,0.4359092666,0.3787816989,0.07987365597,0.07434855109,0.07946086093,0.07381446346,0.9936437753,0.9905158403,0.9943441329,0.9887330354
10.85882782,17.07067871,9.112566877,16.62216187,2.233615029,2.816162109,2.138922665,2.80090332,0.3900337975,0.3375193514,0.3941256072,0.3353537728,0.05323798717,0.04864335745,0.05348110812,0.04873477237,0.9879937019,0.9811468895,0.9899218335,0.9816421321
9.213491002,14.98512268,8.39270732,14.80224609,2.012433123,2.576278687,1.977124878,2.529876709,0.4245883348,0.3645363134,0.4225814485,0.3692111639,0.09055172547,0.08446989165,0.09060707885,0.08465346104,0.9948853931,0.9917035554,0.9953416779,0.991804788
3.207654426,5.274978638,2.977413667,6.133483887,1.115029183,1.497634888,1.136095574,1.558502197,0.5913365829,0.5058301079,0.5794652735,0.5055238393,0.09691665916,0.08531439908,0.09485417924,0.08517258415,0.9988468425,0.9981031169,0.9989291087,0.9977943993
10.42727079,16.27088928,8.574583536,15.7835083,2.1224009,2.671340942,2.029015686,2.628387451,0.4134032001,0.3564447963,0.4127248923,0.358435263,0.07894516931,0.07393653129,0.078777418,0.07375014197,0.9895005276,0.9836272113,0.9913628374,0.9841177619
11.07134606,19.73791504,10.91132661,18.89082336,2.107429475,2.704986572,2.058122568,2.667404175,0.4241195123,0.3665209207,0.4236010677,0.3673932004,0.08202477936,0.07687912332,0.08179449998,0.07700434187,0.996378004,0.9935620227,0.9964296705,0.9938383446
12.1718598,20.21650696,11.74575936,21.22219849,2.273087913,2.894699097,2.25208232,2.922119141,0.3954370788,0.3399783159,0.395596057,0.3417195317,0.0598467479,0.05510940716,0.05985863816,0.05527499339,0.9962057641,0.9937143222,0.9963375113,0.9934016196
7.397191148,13.40733337,7.5364634,11.89047241,1.873662451,2.473434448,1.894956834,2.354614258,0.4334336997,0.3682366444,0.4285108238,0.3766741244,0.07595232905,0.0701248443,0.07537428494,0.0705812446,0.9945951004,0.9902235754,0.9944910924,0.9913296339
10.83057211,17.21691895,9.28985287,17.54722595,2.161068215,2.70425415,2.074963521,2.778610229,0.4077436909,0.3528122226,0.4098063584,0.3468777402,0.05436236092,0.04970883631,0.05427725835,0.04913654317,0.9912140774,0.9860569749,0.99245432,0.9857894413
2.829447349,5.075866699,2.665415248,4.993255615,1.123160871,1.514038086,1.104374392,1.541503906,0.5805098381,0.5029137516,0.5790350817,0.4930864555,0.093426009,0.0830706744,0.09265630276,0.08297518622,0.998982631,0.9981756624,0.9990420767,0.9982053453
18.30055326,29.40963745,16.99370744,33.53970337,2.742765078,3.477600098,2.673638132,3.605194092,0.3701699499,0.3184103368,0.3724618307,0.3170262287,0.05345302919,0.04903304017,0.05366202104,0.04922467496,0.9936040717,0.9897412021,0.9940560163,0.988300583
7.730819116,15.19158654,9.375458386,14.08812099,1.906894143,2.575921474,2.044144611,2.538401442,0.4296779922,0.3620476228,0.4167690961,0.3602729198,0.06975982557,0.06375646974,0.06815038335,0.06342898435,0.9952798423,0.9907413633,0.9942682746,0.9914138159
9.634226046,14.96134949,7.794321498,14.46565247,1.997704888,2.508804321,1.92500608,2.512954712,0.4285991406,0.3686966886,0.4244299062,0.3672093953,0.06235467329,0.05730859301,0.06191809053,0.05721709992,0.9931322409,0.9893651575,0.9944458296,0.9897174815
11.6979876,18.27557373,10.88608037,20.94802856,2.185128891,2.731140137,2.121458536,2.810943604,0.4115037212,0.3566376358,0.4168830966,0.3581808555,0.08501051292,0.08053290798,0.08595169082,0.08075686398,0.9966510387,0.9947833971,0.996884661,0.9940205679
8.008891659,13.25611877,7.521567972,12.78697205,1.847777845,2.375961304,1.855863935,2.340774536,0.4490016835,0.3888388384,0.4424413409,0.3899265078,0.1071241606,0.1002571905,0.1063848899,0.100269346,0.9950076222,0.9917607475,0.9953135045,0.9920523235
10.19813959,17.54678345,10.20231943,17.03678894,2.145367218,2.805297852,2.127386308,2.74168396,0.4044896228,0.3418199188,0.407553865,0.3504838974,0.05575229929,0.05037992099,0.05583459201,0.05103664183,0.9891530111,0.9813847356,0.9891592077,0.981925602
11.43140503,18.85180664,10.01086758,18.09173584,2.211043896,2.842193604,2.136809946,2.784942627,0.4084243633,0.3501995192,0.4088045229,0.3531636644,0.06667116431,0.06130118948,0.06644287818,0.06139074693,0.9918711213,0.9866260184,0.9928793325,0.9871651632
10.53676739,16.51068115,8.765564202,16.13658142,2.130426192,2.69152832,2.041980788,2.647171021,0.4132299081,0.3553147239,0.4121908283,0.3580216341,0.07986552445,0.07478170932,0.07970221472,0.07467148986,0.989602399,0.9837176166,0.9913451873,0.9840865661
10.62624635,19.32829285,11.34751946,18.20178223,2.186861625,2.906295776,2.282161965,2.834655762,0.3992018351,0.3383192817,0.3883095738,0.3399289272,0.0595111345,0.05412985147,0.05860239686,0.05456434053,0.9921222267,0.9855917561,0.9915224788,0.9864315839
9.807529791,15.190979,8.177665978,15.33880615,2.094737962,2.616943359,1.981198322,2.626159668,0.4136913361,0.3576925258,0.416597708,0.3576865723,0.06061524474,0.05581990603,0.06110554701,0.05576366164,0.9924267159,0.9882908674,0.993686359,0.9881769521
7.640056818,11.90899686,7.56322513,12.89747432,1.949147727,2.454765982,1.975321145,2.527539954,0.4168507037,0.3588108861,0.4090192861,0.3536864658,0.06490535634,0.05942220021,0.06410349509,0.05924720346,0.9911406263,0.9862122793,0.9912357173,0.9850677038
9.487794869,15.30448914,8.821832442,15.95372009,2.088992583,2.64994812,2.060493677,2.728927612,0.4062661338,0.3485057839,0.406417975,0.3430346259,0.04910771238,0.04456782763,0.04901139887,0.04421165604,0.9927274807,0.9882917579,0.9932374469,0.9877950788
9.57838339,15.61155701,8.539290491,15.32342529,2.006854937,2.509750366,1.95469054,2.540405273,0.4319567174,0.3808490499,0.4325729157,0.3768075627,0.07825644274,0.07289283963,0.07786266014,0.07244809334,0.9940920007,0.9903923898,0.9947311993,0.9905696988
10.83645428,16.74563599,9.967549246,19.57113647,2.098036235,2.626190186,2.092427651,2.798278809,0.4197820326,0.3611974892,0.4144029525,0.3578734836,0.05575668732,0.05049518906,0.05490750813,0.05015466943,0.9930512565,0.9892824229,0.993609581,0.9874737617
8.120728964,14.30543518,8.932924976,14.38049316,1.981806299,2.618148804,2.071695647,2.596984863,0.4122449145,0.3468028303,0.4031094652,0.3497002515,0.04580188701,0.04144792709,0.04533028888,0.04164353333,0.9942948838,0.9899516173,0.9937134389,0.9898988849
11.98136552,18.39859009,10.91170659,21.52671814,2.22239786,2.767486572,2.191710238,2.932235718,0.4036677068,0.3473735961,0.398417429,0.342246641,0.06986522373,0.06506525685,0.06964834473,0.06460031947,0.9952228933,0.9926846142,0.995651739,0.9914408577
7.604799976,12.45277405,7.819598127,13.43591309,1.858691026,2.364028931,1.915202456,2.451080322,0.4389913868,0.3780042256,0.4292986542,0.3738530216,0.08459413532,0.07861020618,0.08365598999,0.0783373168,0.9910092432,0.9852987364,0.9907575483,0.984138157
13.61551556,21.46211243,10.82158925,21.01290894,2.287360165,2.84413147,2.165764835,2.844696045,0.4007121829,0.3504037912,0.403755628,0.3488133441,0.06554757682,0.06092677125,0.06565827415,0.06055351863,0.9944372191,0.9912553694,0.9955790334,0.9914383326
17.03989847,26.67991638,14.31544869,28.81710815,2.555249878,3.193771362,2.436344844,3.32244873,0.3843866777,0.3326423343,0.3863365558,0.326632801,0.06648097871,0.06165192637,0.06638825631,0.06136296268,0.9937992048,0.990317203,0.9947899972,0.9895415149
10.58152967,17.43284607,9.480955131,16.93409729,2.193245379,2.800369263,2.118266659,2.771377563,0.4007362218,0.3476388914,0.4073164459,0.3455834866,0.07437140892,0.06936966301,0.07526914107,0.06940255105,0.9908635796,0.9849670511,0.9918159135,0.9853970828
15.54477748,26.01571655,13.57741063,24.90136719,2.639013862,3.386230469,2.526766172,3.336181641,0.3612004457,0.3069756881,0.3635589321,0.3083057629,0.04468638357,0.04070678306,0.04428611897,0.04083214177,0.994702085,0.9911511297,0.9953716312,0.9915301025
10.6562196,16.67724609,9.019637646,16.45019531,2.206347276,2.797729492,2.13566999,2.785614014,0.3957604994,0.3373411937,0.3926209488,0.3374780673,0.06182537056,0.05660597588,0.06154824279,0.0566865749,0.9843181931,0.9754685044,0.9867201565,0.9758027168
17.80842656,28.03211975,13.68117704,27.83258057,2.67889713,3.377304077,2.470604329,3.395843506,0.3689989474,0.3148708939,0.3749035904,0.312045457,0.047848919,0.04378119526,0.04822612773,0.0437040661,0.9928885632,0.988835485,0.9945448262,0.9889150389
9.279988448,11.97058105,7.968111625,17.65490723,1.892403332,2.30267334,1.866822714,2.511505127,0.443476983,0.384593634,0.4412932618,0.3819652599,0.08645704449,0.08095177543,0.08619423102,0.08070197909,0.9937908576,0.9920104013,0.9946687865,0.988216466
10.13975863,17.0977478,9.445114908,16.37934875,2.068838157,2.641540527,2.058380958,2.648208618,0.423729541,0.3697757893,0.4176139748,0.3629044062,0.07122212308,0.06621726225,0.07089249098,0.06581625332,0.9937413276,0.9894756522,0.9941718017,0.9899177655
17.76079159,27.86802673,13.64979025,27.84535217,2.672634971,3.36491394,2.464813351,3.392593384,0.3697239,0.3157452352,0.3760594321,0.3129918784,0.04800698417,0.04391930658,0.04838171791,0.0438451805,0.9928970109,0.9888846944,0.9945492476,0.9888938098
10.77828611,18.41577148,9.765731396,17.19902039,2.075860287,2.70022583,2.03412269,2.594192505,0.4272086218,0.3651239277,0.4223380045,0.3700645948,0.07777469682,0.07205295603,0.07696619899,0.0721467295,0.9944495755,0.9905433323,0.9949735857,0.9911681108
10.22513375,17.24363708,9.629119042,15.90054321,2.233523833,2.897781372,2.202228234,2.79397583,0.3864265863,0.3264462866,0.3864662272,0.3333230636,0.05493563109,0.04982098729,0.05501083498,0.05034180233,0.9872018297,0.978417817,0.9879389516,0.9800989668
12.09675409,20.3259605,10.25301387,18.52678571,2.207825897,2.833739177,2.147982893,2.772287608,0.4106762862,0.3495606853,0.401812815,0.3513272974,0.0570854297,0.05226634443,0.05650261411,0.05237620475,0.9906885462,0.9843973043,0.9921037379,0.9857783187
14.49332746,26.80683899,14.96630289,26.23182678,2.325586697,3.119857788,2.381064567,3.069900513,0.4081180779,0.3445628635,0.4009760733,0.347200072,0.0670127279,0.0623741662,0.06690137965,0.06219545688,0.9959081865,0.9924508894,0.9957743908,0.9926128171
12.06961333,21.08106995,11.82125486,20.94232178,2.199568337,2.865829468,2.201361868,2.852203369,0.4103312829,0.3487911572,0.4071829955,0.3491388361,0.06518268325,0.06030236951,0.06479928061,0.06017131423,0.9958537637,0.9927798029,0.9959384321,0.9928273243
17.03989847,26.67991638,14.31544869,28.81710815,2.555249878,3.193771362,2.436344844,3.32244873,0.3843866777,0.3326423343,0.3863365558,0.326632801,0.06648097871,0.06165192637,0.06638825631,0.06136296268,0.9937992048,0.990317203,0.9947899972,0.9895415149
10.2656554,16.98974609,9.121443337,16.14707947,2.102626459,2.68359375,2.071042072,2.689559937,0.4154926194,0.3568743301,0.4114442094,0.3572116037,0.07032204745,0.06473782276,0.06963658089,0.06471578405,0.993858508,0.989857549,0.9945400462,0.9903605725
9.931724222,14.85919189,8.678547544,16.28215027,2.152115759,2.654968262,2.077410627,2.759811401,0.4000002367,0.3476552632,0.402325003,0.3424205022,0.05776156783,0.05310916612,0.05799954282,0.05265546453,0.9881131396,0.9822377755,0.9896155115,0.9805367219
15.27197836,23.8881073,14.64509363,29.07084656,2.475893726,3.18031311,2.475164154,3.235397339,0.3795040975,0.3203503574,0.3729689923,0.3213874808,0.04697071675,0.04234911627,0.04634608613,0.04208649951,0.9939943932,0.9906256218,0.9942362924,0.9885916984
10.46724526,17.24821472,9.340330131,16.70877075,2.13307089,2.737625122,2.089235773,2.72366333,0.4064985604,0.3469164962,0.4033597945,0.3490300849,0.04983918633,0.04511689144,0.0495674337,0.04532601524,0.9932500292,0.9888977075,0.993982533,0.9892447517
6.88386126,12.00039673,7.06379195,11.1552124,1.838171814,2.387756348,1.866837913,2.331604004,0.4346131041,0.3726373995,0.4309361687,0.3762021158,0.07545897085,0.06959204236,0.07501303028,0.06969698321,0.9956456666,0.9924237772,0.9955288482,0.9929573812
11.79441269,21.10971069,12.34662269,20.95858765,2.289275292,2.984527588,2.344677164,3.029022217,0.391752354,0.337184135,0.3881186642,0.3316927895,0.06274990908,0.05834510319,0.06267371649,0.05820022998,0.9936010546,0.9885837467,0.9933100393,0.9886655388
12.59800584,19.3285675,9.750379985,19.55322266,2.25650535,2.824356079,2.096227505,2.851715088,0.4098499075,0.3548004661,0.4150456882,0.3537480707,0.07457712777,0.06997447253,0.07545220373,0.06979354355,0.9880138092,0.9816164478,0.9907236918,0.9814029153
16.88193093,34.9324646,19.20157466,30.22750854,2.604997568,3.58505249,2.730909533,3.46774292,0.3725972342,0.3109552708,0.3669137327,0.3143414446,0.05418071753,0.04989677102,0.05426403868,0.05015757307,0.9947610186,0.9891859283,0.994048107,0.9906424281
8.115819553,12.97154236,8.060645671,14.05645752,1.909989056,2.405380249,1.940266294,2.493988037,0.4336901273,0.376679184,0.4287990006,0.3727968207,0.08008987567,0.07490349163,0.08020878899,0.07425583521,0.9893529015,0.983005634,0.9894254347,0.9815840592
8.86796267,15.60813904,8.755699781,14.24694824,2.03150839,2.699356079,2.062150413,2.563903809,0.4156147535,0.3509978052,0.4093412186,0.3595974856,0.06738444777,0.06149269464,0.06704791097,0.06226602827,0.9891917536,0.9809980334,0.9893212275,0.9826551081
13.18278818,21.06158447,10.38342048,20.32122803,2.321163667,2.968231201,2.154821255,2.901397705,0.3992003716,0.3405927493,0.4057373464,0.3452197701,0.06342642682,0.05858669239,0.06367263547,0.05877156892,0.9954615883,0.9927691994,0.996425473,0.9930233803
8.149182271,12.91647339,7.985089373,14.0705719,1.913591318,2.40057373,1.931313838,2.49256897,0.4332608576,0.3770258588,0.4297265937,0.3727724589,0.08080992155,0.07573534826,0.08114537572,0.07509631368,0.9893116467,0.9830846944,0.989528493,0.9815733708
10.58291282,16.66705322,9.507827699,16.95960999,2.237430083,2.831542969,2.177513983,2.828231812,0.3895587159,0.3338613607,0.3912516035,0.3366610306,0.05737681526,0.05248475157,0.05753254154,0.0524995352,0.9862995406,0.9784395952,0.987696553,0.9780641383
12.46327821,24.36659241,12.47344662,19.67001343,2.189992704,2.988632202,2.239770793,2.770721436,0.4151741804,0.3485891951,0.4040950855,0.3553057426,0.05869011903,0.0535774599,0.05800217962,0.053933532,0.991890332,0.9841810294,0.9918826426,0.9872302649
11.60593993,19.40625,10.71449416,19.65563965,2.153027724,2.752655029,2.0989482,2.713195801,0.4158558005,0.3649317333,0.4221256607,0.3639421344,0.07708165474,0.07233911238,0.07760075745,0.0723082193,0.9963484073,0.9939117864,0.996630471,0.9938335241
13.82272921,27.86938477,15.09595392,22.87988281,2.439734314,3.323669434,2.503328672,3.110961914,0.3797373448,0.3212220476,0.3779334617,0.3244399513,0.0611678374,0.05686998278,0.06132508871,0.05724626697,0.9948281194,0.989596235,0.994354208,0.9914588934
13.50202152,20.13180542,10.83684946,22.82743835,2.21797483,2.758728027,2.105088765,2.836471558,0.421194044,0.3685414974,0.42364424,0.3656013873,0.07851837976,0.0733002647,0.07854136803,0.07332172843,0.9957176308,0.9936319173,0.9965627727,0.9927792069
7.087285182,11.02148437,6.707415803,11.63916016,1.862941796,2.318806966,1.834399288,2.382609049,0.4303193024,0.3761983857,0.4311239449,0.3695940325,0.08107662047,0.0751582587,0.08126334479,0.07493556768,0.9907238765,0.9856008748,0.9912175445,0.9847937339
11.22530095,17.26353455,9.806192242,19.22396851,2.045400657,2.551589966,1.996032952,2.641418457,0.4344007276,0.3788169644,0.4330692628,0.3776147162,0.08396825562,0.07858259997,0.0839057344,0.07842250594,0.9935013488,0.9900327996,0.9943228399,0.9889009265
11.55403037,19.57482394,11.53632561,20.91567635,2.195604556,2.841475939,2.23503407,2.912595364,0.4087563084,0.3489811484,0.3993230087,0.343385775,0.07529748122,0.0693655323,0.07362064638,0.06925982602,0.9934378272,0.9889150935,0.9934506162,0.9881557985
13.2265777,21.15087891,10.49796328,20.48988342,2.325647495,2.979919434,2.165521644,2.913833618,0.3983136954,0.3394607607,0.4047939972,0.3444417894,0.06275479074,0.05792235022,0.06305812231,0.05811876357,0.995451349,0.9927443029,0.9963888858,0.9929710484